<?xml-stylesheet type="text/css" href="pgm5.css"?>
<!DOCTYPE HTML>
<html>
<head>
<h1> STUDENTS DESCRIPTION </h1>
</head>
<students>
    <student>
        <USN>USN:1ME15CS001</USN>
        <name>NAME:SANVI</name>
        <college>COLLEGE:MSEC</college>
        <branch>BRANCH:Computer Science and Engineering</branch>
        <year>YEAR:2015</year>
        <e-mail>E-Mail:sanvi@gmail.com</e-mail>
    </student>
    <student>
        <USN>USN:1ME13EC003</USN>
        <name>NAME:CHANDANA</name>
        <college>COLLEGE:MSEC</college>
        <branch>BRANCH:Electronics and Communication Engineering</branch>
        <year>YEAR:2013</year>
        <e-mail>E-Mail:chandana@gmail.com</e-mail>
    </student>
</students>
</html>